".y.","group1","group2","estimate","conf.low","conf.high","p.adj","p.adj.signif"
"On.road.price","Adventure Tourer Bikes","Adventure Tourer Bikes, Cruiser Bikes, Off Road Bikes",-939108.866666667,-1860137.30002614,-18080.4333071905,0.044,"*"
"On.road.price","Adventure Tourer Bikes","Adventure Tourer Bikes, Off Road Bikes",-118825.366666667,-1222895.86044409,985245.127110761,1,"ns"
"On.road.price","Adventure Tourer Bikes","Adventure Tourer Bikes, Sports Tourer Bikes",1193163.63333333,NA,NA,NA,""
"On.road.price","Adventure Tourer Bikes","Adventure Tourer Bikes, Tourer Bikes, Off Road Bikes",-923494.866666667,-1844532.00085518,-2457.73247815762,0.049,"*"
"On.road.price","Adventure Tourer Bikes","Cafe Racer Bikes",-172898.066666667,-1632067.70961606,1286271.57628273,1,"ns"
"On.road.price","Adventure Tourer Bikes","Commuter Bikes",-1093606.69019608,-2014651.88489207,-172561.495500086,0.013,"*"
"On.road.price","Adventure Tourer Bikes","Cruiser Bikes",-321712.840350877,-1289229.34673118,645803.66602943,0.997,"ns"
"On.road.price","Adventure Tourer Bikes","Cruiser Bikes, Cafe Racer Bikes",-1005463.2,-1926600.84558268,-84325.554417318,0.026,"*"
"On.road.price","Adventure Tourer Bikes","Cruiser Bikes, Tourer Bikes",3141396.63333333,1683390.43586108,4599402.83080559,0.000893,"***"
"On.road.price","Adventure Tourer Bikes","Moped Bikes",-1125872.53333333,-2046919.36397346,-204825.702693209,0.01,"**"
"On.road.price","Adventure Tourer Bikes","Sports Bikes",-706476.964705882,-1658245.94571301,245292.016301245,0.312,"ns"
"On.road.price","Adventure Tourer Bikes","Sports Naked Bikes",-468791.6,-1462039.40985446,524456.209854461,0.922,"ns"
"On.road.price","Adventure Tourer Bikes","Sports Naked Bikes, Cafe Racer Bikes",66678.2761904763,-909872.712874221,1043229.26525517,1,"ns"
"On.road.price","Adventure Tourer Bikes","Sports Naked Bikes, Sports Bikes",-992771.00952381,-1914423.11688238,-71118.9021652415,0.029,"*"
"On.road.price","Adventure Tourer Bikes","Sports Tourer Bikes",1087017.13333333,-1238209.63634461,3412243.90301127,0.366,"ns"
"On.road.price","Adventure Tourer Bikes","Super Bikes",2482402.93333333,-5885160.96214346,10849966.8288101,0.859,"ns"
"On.road.price","Adventure Tourer Bikes","Super Bikes, Sports Bikes",1699327.24444444,-528677.318849402,3927331.80773829,0.223,"ns"
"On.road.price","Adventure Tourer Bikes","Super Bikes, Sports Naked Bikes",1203851.8,-4446059.72044295,6853763.32044295,0.825,"ns"
"On.road.price","Adventure Tourer Bikes","Tourer Bikes",2269014.13333333,914059.439859242,3623968.82680742,0.000503,"***"
"On.road.price","Adventure Tourer Bikes, Cruiser Bikes, Off Road Bikes","Adventure Tourer Bikes, Off Road Bikes",820283.5,47829.9200121377,1592737.07998786,0.032,"*"
"On.road.price","Adventure Tourer Bikes, Cruiser Bikes, Off Road Bikes","Adventure Tourer Bikes, Sports Tourer Bikes",2132272.5,NA,NA,NA,""
"On.road.price","Adventure Tourer Bikes, Cruiser Bikes, Off Road Bikes","Adventure Tourer Bikes, Tourer Bikes, Off Road Bikes",15614,1867.64953720086,29360.3504627991,0.026,"*"
"On.road.price","Adventure Tourer Bikes, Cruiser Bikes, Off Road Bikes","Cafe Racer Bikes",766210.8,-822064.192678454,2354485.79267845,0.412,"ns"
"On.road.price","Adventure Tourer Bikes, Cruiser Bikes, Off Road Bikes","Commuter Bikes",-154497.823529412,-167096.471439595,-141899.175619228,1.95e-14,"****"
"On.road.price","Adventure Tourer Bikes, Cruiser Bikes, Off Road Bikes","Cruiser Bikes",617396.026315789,217251.343050437,1017540.70958114,4.43e-05,"****"
"On.road.price","Adventure Tourer Bikes, Cruiser Bikes, Off Road Bikes","Cruiser Bikes, Cafe Racer Bikes",-66354.3333333333,-134561.106826286,1852.44015961901,0.053,"ns"
"On.road.price","Adventure Tourer Bikes, Cruiser Bikes, Off Road Bikes","Cruiser Bikes, Tourer Bikes",4080505.5,NA,NA,NA,""
"On.road.price","Adventure Tourer Bikes, Cruiser Bikes, Off Road Bikes","Moped Bikes",-186763.666666667,-203562.250656568,-169965.082676765,0,"****"
"On.road.price","Adventure Tourer Bikes, Cruiser Bikes, Off Road Bikes","Sports Bikes",232631.901960784,-107150.975196886,572414.779118455,0.547,"ns"
"On.road.price","Adventure Tourer Bikes, Cruiser Bikes, Off Road Bikes","Sports Naked Bikes",470317.266666667,-28259.8405314534,968894.373864787,0.082,"ns"
"On.road.price","Adventure Tourer Bikes, Cruiser Bikes, Off Road Bikes","Sports Naked Bikes, Cafe Racer Bikes",1005787.14285714,445967.199199361,1565607.08651492,0.003,"**"
"On.road.price","Adventure Tourer Bikes, Cruiser Bikes, Off Road Bikes","Sports Naked Bikes, Sports Bikes",-53662.1428571429,-132076.442450664,24752.1567363781,0.231,"ns"
"On.road.price","Adventure Tourer Bikes, Cruiser Bikes, Off Road Bikes","Sports Tourer Bikes",2026126,NA,NA,NA,""
"On.road.price","Adventure Tourer Bikes, Cruiser Bikes, Off Road Bikes","Super Bikes",3421511.8,-5092515.58764237,11935539.1876424,0.581,"ns"
"On.road.price","Adventure Tourer Bikes, Cruiser Bikes, Off Road Bikes","Super Bikes, Sports Bikes",2638436.11111111,424115.709189794,4852756.51303243,0.018,"*"
"On.road.price","Adventure Tourer Bikes, Cruiser Bikes, Off Road Bikes","Super Bikes, Sports Naked Bikes",2142960.66666667,-4801229.6534004,9087150.98673373,0.405,"ns"
"On.road.price","Adventure Tourer Bikes, Cruiser Bikes, Off Road Bikes","Tourer Bikes",3208123,1863066.7367226,4553179.2632774,0.000996,"***"
"On.road.price","Adventure Tourer Bikes, Off Road Bikes","Adventure Tourer Bikes, Sports Tourer Bikes",1311989,NA,NA,NA,""
"On.road.price","Adventure Tourer Bikes, Off Road Bikes","Adventure Tourer Bikes, Tourer Bikes, Off Road Bikes",-804669.5,-1577134.76101371,-32204.2389862943,0.037,"*"
"On.road.price","Adventure Tourer Bikes, Off Road Bikes","Cafe Racer Bikes",-54072.7,-1482736.59989504,1374591.19989504,1,"ns"
"On.road.price","Adventure Tourer Bikes, Off Road Bikes","Commuter Bikes",-974781.323529412,-1747257.40427121,-202305.242787615,0.007,"**"
"On.road.price","Adventure Tourer Bikes, Off Road Bikes","Cruiser Bikes",-202887.473684211,-1037070.71541009,631295.768041666,1,"ns"
"On.road.price","Adventure Tourer Bikes, Off Road Bikes","Cruiser Bikes, Cafe Racer Bikes",-886637.833333333,-1659238.26960493,-114037.397061733,0.017,"*"
"On.road.price","Adventure Tourer Bikes, Off Road Bikes","Cruiser Bikes, Tourer Bikes",3260222,1746521.08617346,4773922.91382654,0.002,"**"
"On.road.price","Adventure Tourer Bikes, Off Road Bikes","Moped Bikes",-1007047.16666667,-1779525.44733827,-234568.885995062,0.005,"**"
"On.road.price","Adventure Tourer Bikes, Off Road Bikes","Sports Bikes",-587651.598039216,-1401345.81528409,226042.619205654,0.373,"ns"
"On.road.price","Adventure Tourer Bikes, Off Road Bikes","Sports Naked Bikes",-349966.233333333,-1217453.46901017,517521.002343505,0.985,"ns"
"On.road.price","Adventure Tourer Bikes, Off Road Bikes","Sports Naked Bikes, Cafe Racer Bikes",185503.642857143,-662563.909645277,1033571.19535956,1,"ns"
"On.road.price","Adventure Tourer Bikes, Off Road Bikes","Sports Naked Bikes, Sports Bikes",-873945.642857143,-1647239.17421337,-100652.111500913,0.019,"*"
"On.road.price","Adventure Tourer Bikes, Off Road Bikes","Sports Tourer Bikes",1205842.5,-1455299.31132647,3866984.31132647,0.294,"ns"
"On.road.price","Adventure Tourer Bikes, Off Road Bikes","Super Bikes",2601228.3,-5805016.2619592,11007472.8619592,0.825,"ns"
"On.road.price","Adventure Tourer Bikes, Off Road Bikes","Super Bikes, Sports Bikes",1818152.61111111,-395649.272685716,4031954.49490794,0.151,"ns"
"On.road.price","Adventure Tourer Bikes, Off Road Bikes","Super Bikes, Sports Naked Bikes",1322677.16666667,-4598034.8930533,7243389.22638663,0.753,"ns"
"On.road.price","Adventure Tourer Bikes, Off Road Bikes","Tourer Bikes",2387839.5,1083420.10742378,3692258.89257622,0.000334,"***"
"On.road.price","Adventure Tourer Bikes, Sports Tourer Bikes","Adventure Tourer Bikes, Tourer Bikes, Off Road Bikes",-2116658.5,NA,NA,NA,""
"On.road.price","Adventure Tourer Bikes, Sports Tourer Bikes","Cafe Racer Bikes",-1366061.7,-6055840.88102515,3323717.48102515,0.474,"ns"
"On.road.price","Adventure Tourer Bikes, Sports Tourer Bikes","Commuter Bikes",-2286770.32352941,NA,NA,NA,""
"On.road.price","Adventure Tourer Bikes, Sports Tourer Bikes","Cruiser Bikes",-1514876.47368421,NA,NA,NA,""
"On.road.price","Adventure Tourer Bikes, Sports Tourer Bikes","Cruiser Bikes, Cafe Racer Bikes",-2198626.83333333,NA,NA,NA,""
"On.road.price","Adventure Tourer Bikes, Sports Tourer Bikes","Cruiser Bikes, Tourer Bikes",1948233,NA,NA,NA,""
"On.road.price","Adventure Tourer Bikes, Sports Tourer Bikes","Moped Bikes",-2319036.16666667,NA,NA,NA,""
"On.road.price","Adventure Tourer Bikes, Sports Tourer Bikes","Sports Bikes",-1899640.59803922,NA,NA,NA,""
"On.road.price","Adventure Tourer Bikes, Sports Tourer Bikes","Sports Naked Bikes",-1661955.23333333,NA,NA,NA,""
"On.road.price","Adventure Tourer Bikes, Sports Tourer Bikes","Sports Naked Bikes, Cafe Racer Bikes",-1126485.35714286,NA,NA,NA,""
"On.road.price","Adventure Tourer Bikes, Sports Tourer Bikes","Sports Naked Bikes, Sports Bikes",-2185934.64285714,NA,NA,NA,""
"On.road.price","Adventure Tourer Bikes, Sports Tourer Bikes","Sports Tourer Bikes",-106146.5,NA,NA,NA,""
"On.road.price","Adventure Tourer Bikes, Sports Tourer Bikes","Super Bikes",1289239.3,-6968583.89840006,9547062.49840006,0.999,"ns"
"On.road.price","Adventure Tourer Bikes, Sports Tourer Bikes","Super Bikes, Sports Bikes",506163.611111111,-2682434.67062645,3694761.89284868,1,"ns"
"On.road.price","Adventure Tourer Bikes, Sports Tourer Bikes","Super Bikes, Sports Naked Bikes",10688.1666666665,-5498773.13442483,5520149.46775817,1,"ns"
"On.road.price","Adventure Tourer Bikes, Sports Tourer Bikes","Tourer Bikes",1075850.5,-3782929.58395644,5934630.58395644,0.632,"ns"
"On.road.price","Adventure Tourer Bikes, Tourer Bikes, Off Road Bikes","Cafe Racer Bikes",750596.8,-837623.2005355,2338816.8005355,0.43,"ns"
"On.road.price","Adventure Tourer Bikes, Tourer Bikes, Off Road Bikes","Commuter Bikes",-170111.823529412,-184492.671095891,-155730.975962933,8.66e-15,"****"
"On.road.price","Adventure Tourer Bikes, Tourer Bikes, Off Road Bikes","Cruiser Bikes",601782.026315789,201593.50122993,1001970.55140165,7.86e-05,"****"
"On.road.price","Adventure Tourer Bikes, Tourer Bikes, Off Road Bikes","Cruiser Bikes, Cafe Racer Bikes",-81968.3333333333,-143609.166032057,-20327.50063461,0.025,"*"
"On.road.price","Adventure Tourer Bikes, Tourer Bikes, Off Road Bikes","Cruiser Bikes, Tourer Bikes",4064891.5,NA,NA,NA,""
"On.road.price","Adventure Tourer Bikes, Tourer Bikes, Off Road Bikes","Moped Bikes",-202377.666666667,-219585.795421738,-185169.537911596,2.77e-10,"****"
"On.road.price","Adventure Tourer Bikes, Tourer Bikes, Off Road Bikes","Sports Bikes",217017.901960784,-122814.187168879,556849.991090447,0.667,"ns"
"On.road.price","Adventure Tourer Bikes, Tourer Bikes, Off Road Bikes","Sports Naked Bikes",454703.266666667,-43903.3410678487,953309.874401182,0.106,"ns"
"On.road.price","Adventure Tourer Bikes, Tourer Bikes, Off Road Bikes","Sports Naked Bikes, Cafe Racer Bikes",990173.142857143,430398.182835262,1549948.10287902,0.003,"**"
"On.road.price","Adventure Tourer Bikes, Tourer Bikes, Off Road Bikes","Sports Naked Bikes, Sports Bikes",-69276.1428571429,-147414.965797167,8862.68008288127,0.086,"ns"
"On.road.price","Adventure Tourer Bikes, Tourer Bikes, Off Road Bikes","Sports Tourer Bikes",2010512,NA,NA,NA,""
"On.road.price","Adventure Tourer Bikes, Tourer Bikes, Off Road Bikes","Super Bikes",3405897.8,-5108119.32495569,11919914.9249557,0.586,"ns"
"On.road.price","Adventure Tourer Bikes, Tourer Bikes, Off Road Bikes","Super Bikes, Sports Bikes",2622822.11111111,408504.937009349,4837139.28521287,0.019,"*"
"On.road.price","Adventure Tourer Bikes, Tourer Bikes, Off Road Bikes","Super Bikes, Sports Naked Bikes",2127346.66666667,-4816717.60156201,9071410.93489534,0.409,"ns"
"On.road.price","Adventure Tourer Bikes, Tourer Bikes, Off Road Bikes","Tourer Bikes",3192509,1847486.32500453,4537531.67499547,0.001,"***"
"On.road.price","Cafe Racer Bikes","Commuter Bikes",-920708.623529412,-2508877.65547091,667460.408412084,0.267,"ns"
"On.road.price","Cafe Racer Bikes","Cruiser Bikes",-148814.773684211,-1603173.9422173,1305544.39484888,1,"ns"
"On.road.price","Cafe Racer Bikes","Cruiser Bikes, Cafe Racer Bikes",-832565.133333333,-2420157.64161982,755027.37495315,0.342,"ns"
"On.road.price","Cafe Racer Bikes","Cruiser Bikes, Tourer Bikes",3314294.7,1534759.81223143,5093829.58776857,0.004,"**"
"On.road.price","Cafe Racer Bikes","Moped Bikes",-952974.466666667,-2541133.26034707,635184.327013737,0.244,"ns"
"On.road.price","Cafe Racer Bikes","Sports Bikes",-533578.898039216,-2015518.37263376,948360.57655533,0.803,"ns"
"On.road.price","Cafe Racer Bikes","Sports Naked Bikes",-295893.533333333,-1729755.17077638,1137968.10410972,0.998,"ns"
"On.road.price","Cafe Racer Bikes","Sports Naked Bikes, Cafe Racer Bikes",239576.342857143,-1234122.75277414,1713275.43848843,1,"ns"
"On.road.price","Cafe Racer Bikes","Sports Naked Bikes, Sports Bikes",-819872.942857143,-2404330.25216941,764584.366455125,0.355,"ns"
"On.road.price","Cafe Racer Bikes","Sports Tourer Bikes",1259915.2,-1170476.97485573,3690307.37485573,0.299,"ns"
"On.road.price","Cafe Racer Bikes","Super Bikes",2655301,-5680681.71144062,10991283.7114406,0.817,"ns"
"On.road.price","Cafe Racer Bikes","Super Bikes, Sports Bikes",1872225.31111111,-422514.668781161,4166965.29100338,0.16,"ns"
"On.road.price","Cafe Racer Bikes","Super Bikes, Sports Naked Bikes",1376749.86666667,-4104865.65662601,6858365.38995935,0.748,"ns"
"On.road.price","Cafe Racer Bikes","Tourer Bikes",2441912.2,852595.637029805,4031228.7629702,0.003,"**"
"On.road.price","Commuter Bikes","Cruiser Bikes",771893.849845201,371664.73564368,1172122.96404672,1.18e-07,"****"
"On.road.price","Commuter Bikes","Cruiser Bikes, Cafe Racer Bikes",88143.4901960784,31253.7293096975,145033.251082459,0.015,"*"
"On.road.price","Commuter Bikes","Cruiser Bikes, Tourer Bikes",4235003.32352941,NA,NA,NA,""
"On.road.price","Commuter Bikes","Moped Bikes",-32265.8431372549,-49150.1337388856,-15381.5525356242,5.81e-05,"****"
"On.road.price","Commuter Bikes","Sports Bikes",387129.725490196,47252.1032364503,727007.347743942,0.012,"*"
"On.road.price","Commuter Bikes","Sports Naked Bikes",624815.090196079,126181.164894967,1123449.01549719,0.004,"**"
"On.road.price","Commuter Bikes","Sports Naked Bikes, Cafe Racer Bikes",1160284.96638655,600551.700812557,1720018.23196055,0.001,"***"
"On.road.price","Commuter Bikes","Sports Naked Bikes, Sports Bikes",100835.680672269,22952.7672494323,178718.594095106,0.013,"*"
"On.road.price","Commuter Bikes","Sports Tourer Bikes",2180623.82352941,NA,NA,NA,""
"On.road.price","Commuter Bikes","Super Bikes",3576009.62352941,-4937997.98848431,12090017.2355431,0.54,"ns"
"On.road.price","Commuter Bikes","Super Bikes, Sports Bikes",2792933.93464052,578619.752810439,5007248.11647061,0.013,"*"
"On.road.price","Commuter Bikes","Super Bikes, Sports Naked Bikes",2297458.49019608,-4646488.94081289,9241405.92120504,0.365,"ns"
"On.road.price","Commuter Bikes","Tourer Bikes",3362620.82352941,2017629.28053847,4707612.36652035,0.00081,"***"
"On.road.price","Cruiser Bikes","Cruiser Bikes, Cafe Racer Bikes",-683750.359649123,-1084446.09460708,-283054.624691162,3.75e-06,"****"
"On.road.price","Cruiser Bikes","Cruiser Bikes, Tourer Bikes",3463109.47368421,1170990.46559554,5755228.48177288,0.021,"*"
"On.road.price","Cruiser Bikes","Moped Bikes",-804159.692982456,-1204397.07434956,-403922.311615351,3.29e-08,"****"
"On.road.price","Cruiser Bikes","Sports Bikes",-384764.124355005,-898451.866056946,128923.617346936,0.429,"ns"
"On.road.price","Cruiser Bikes","Sports Naked Bikes",-147078.759649123,-766678.029434705,472520.510136459,1,"ns"
"On.road.price","Cruiser Bikes","Sports Naked Bikes, Cafe Racer Bikes",388391.116541354,-208479.665857285,985261.898939993,0.547,"ns"
"On.road.price","Cruiser Bikes","Sports Naked Bikes, Sports Bikes",-671058.169172932,-1074329.03921517,-267787.299130695,6.84e-06,"****"
"On.road.price","Cruiser Bikes","Sports Tourer Bikes",1408729.97368421,NA,NA,NA,""
"On.road.price","Cruiser Bikes","Super Bikes",2804115.77368421,-5670453.38916589,11278684.9365343,0.763,"ns"
"On.road.price","Cruiser Bikes","Super Bikes, Sports Bikes",2021040.08479532,-184948.782730124,4227028.95232077,0.081,"ns"
"On.road.price","Cruiser Bikes","Super Bikes, Sports Naked Bikes",1525564.64035088,-4982087.68693005,8033216.96763181,0.635,"ns"
"On.road.price","Cruiser Bikes","Tourer Bikes",2590726.97368421,1317911.92669394,3863542.02067448,0.000645,"***"
"On.road.price","Cruiser Bikes, Cafe Racer Bikes","Cruiser Bikes, Tourer Bikes",4146859.83333333,NA,NA,NA,""
"On.road.price","Cruiser Bikes, Cafe Racer Bikes","Moped Bikes",-120409.333333333,-177276.337605088,-63542.3290615785,0.006,"**"
"On.road.price","Cruiser Bikes, Cafe Racer Bikes","Sports Bikes",298986.235294118,-41418.753499011,639391.224087246,0.152,"ns"
"On.road.price","Cruiser Bikes, Cafe Racer Bikes","Sports Naked Bikes",536671.6,37723.6844644616,1035619.51553554,0.025,"*"
"On.road.price","Cruiser Bikes, Cafe Racer Bikes","Sports Naked Bikes, Cafe Racer Bikes",1072141.47619048,512867.142973135,1631415.80940782,0.002,"**"
"On.road.price","Cruiser Bikes, Cafe Racer Bikes","Sports Naked Bikes, Sports Bikes",12692.1904761905,-65917.3125818907,91301.6935342717,1,"ns"
"On.road.price","Cruiser Bikes, Cafe Racer Bikes","Sports Tourer Bikes",2092480.33333333,NA,NA,NA,""
"On.road.price","Cruiser Bikes, Cafe Racer Bikes","Super Bikes",3487866.13333333,-5026033.55733533,12001765.824002,0.563,"ns"
"On.road.price","Cruiser Bikes, Cafe Racer Bikes","Super Bikes, Sports Bikes",2704790.44444444,490510.075028993,4919070.8138599,0.016,"*"
"On.road.price","Cruiser Bikes, Cafe Racer Bikes","Super Bikes, Sports Naked Bikes",2209315,-4733307.42630755,9151937.42630755,0.387,"ns"
"On.road.price","Cruiser Bikes, Cafe Racer Bikes","Tourer Bikes",3274477.33333333,1929837.45845053,4619117.20821614,0.000904,"***"
"On.road.price","Cruiser Bikes, Tourer Bikes","Moped Bikes",-4267269.16666667,NA,NA,NA,""
"On.road.price","Cruiser Bikes, Tourer Bikes","Sports Bikes",-3847873.59803922,NA,NA,NA,""
"On.road.price","Cruiser Bikes, Tourer Bikes","Sports Naked Bikes",-3610188.23333333,-5544418.22644003,-1675958.24022664,0.01,"**"
"On.road.price","Cruiser Bikes, Tourer Bikes","Sports Naked Bikes, Cafe Racer Bikes",-3074718.35714286,NA,NA,NA,""
"On.road.price","Cruiser Bikes, Tourer Bikes","Sports Naked Bikes, Sports Bikes",-4134167.64285714,NA,NA,NA,""
"On.road.price","Cruiser Bikes, Tourer Bikes","Sports Tourer Bikes",-2054379.5,NA,NA,NA,""
"On.road.price","Cruiser Bikes, Tourer Bikes","Super Bikes",-658993.7,-9088639.56639197,7770652.16639198,1,"ns"
"On.road.price","Cruiser Bikes, Tourer Bikes","Super Bikes, Sports Bikes",-1442069.38888889,-3721103.81620899,836965.038431214,0.388,"ns"
"On.road.price","Cruiser Bikes, Tourer Bikes","Super Bikes, Sports Naked Bikes",-1937544.83333333,-8078421.37152289,4203331.70485622,0.473,"ns"
"On.road.price","Cruiser Bikes, Tourer Bikes","Tourer Bikes",-872382.5,-2534945.70973869,790180.709738689,0.414,"ns"
"On.road.price","Moped Bikes","Sports Bikes",419395.568627451,79508.6098866642,759282.527368238,0.004,"**"
"On.road.price","Moped Bikes","Sports Naked Bikes",657080.933333333,158441.448401958,1155720.41826471,0.002,"**"
"On.road.price","Moped Bikes","Sports Naked Bikes, Cafe Racer Bikes",1192550.80952381,632825.773914855,1752275.84513276,0.000964,"***"
"On.road.price","Moped Bikes","Sports Naked Bikes, Sports Bikes",133101.523809524,55217.658950245,210985.388668803,0.003,"**"
"On.road.price","Moped Bikes","Sports Tourer Bikes",2212889.66666667,NA,NA,NA,""
"On.road.price","Moped Bikes","Super Bikes",3608275.46666667,-4905730.23159371,12122281.164927,0.531,"ns"
"On.road.price","Moped Bikes","Super Bikes, Sports Bikes",2825199.77777778,610886.196233881,5039513.35932167,0.012,"*"
"On.road.price","Moped Bikes","Super Bikes, Sports Naked Bikes",2329724.33333333,-4614199.59471887,9273648.26138554,0.357,"ns"
"On.road.price","Moped Bikes","Tourer Bikes",3394886.66666667,2049901.37109926,4739871.96223407,0.000777,"***"
"On.road.price","Sports Bikes","Sports Naked Bikes",237685.364705882,-346623.246079321,821993.975491086,0.992,"ns"
"On.road.price","Sports Bikes","Sports Naked Bikes, Cafe Racer Bikes",773155.240896359,203194.593160729,1343115.88863199,0.003,"**"
"On.road.price","Sports Bikes","Sports Naked Bikes, Sports Bikes",-286294.044817927,-629621.966070345,57033.8764344906,0.217,"ns"
"On.road.price","Sports Bikes","Sports Tourer Bikes",1793494.09803922,NA,NA,NA,""
"On.road.price","Sports Bikes","Super Bikes",3188879.89803922,-5297538.04273548,11675297.8388139,0.649,"ns"
"On.road.price","Sports Bikes","Super Bikes, Sports Bikes",2405804.20915033,198084.440575236,4613523.97772542,0.03,"*"
"On.road.price","Sports Bikes","Super Bikes, Sports Naked Bikes",1910328.76470588,-4719020.1084689,8539677.63788066,0.477,"ns"
"On.road.price","Sports Bikes","Tourer Bikes",2975491.09803922,1690077.62184201,4260904.57423642,0.000413,"***"
"On.road.price","Sports Naked Bikes","Sports Naked Bikes, Cafe Racer Bikes",535469.876190476,-114326.633114352,1185266.3854953,0.201,"ns"
"On.road.price","Sports Naked Bikes","Sports Naked Bikes, Sports Bikes",-523979.40952381,-1024667.10206837,-23291.716979253,0.033,"*"
"On.road.price","Sports Naked Bikes","Sports Tourer Bikes",1555808.73333333,NA,NA,NA,""
"On.road.price","Sports Naked Bikes","Super Bikes",2951194.53333333,-5508424.94255947,11410814.0092261,0.721,"ns"
"On.road.price","Sports Naked Bikes","Super Bikes, Sports Bikes",2168118.84444444,-37288.512512478,4373526.20140137,0.055,"ns"
"On.road.price","Sports Naked Bikes","Super Bikes, Sports Naked Bikes",1672643.4,-4691479.91196631,8036766.71196631,0.572,"ns"
"On.road.price","Sports Naked Bikes","Tourer Bikes",2737805.73333333,1469328.06216922,4006283.40449745,0.00027,"***"
"On.road.price","Sports Naked Bikes, Cafe Racer Bikes","Sports Naked Bikes, Sports Bikes",-1059449.28571429,-1616383.86855744,-502514.702871127,0.002,"**"
"On.road.price","Sports Naked Bikes, Cafe Racer Bikes","Sports Tourer Bikes",1020338.85714286,NA,NA,NA,""
"On.road.price","Sports Naked Bikes, Cafe Racer Bikes","Super Bikes",2415724.65714286,-6062148.12683322,10893597.4411189,0.867,"ns"
"On.road.price","Sports Naked Bikes, Cafe Racer Bikes","Super Bikes, Sports Bikes",1632648.96825397,-575750.923779291,3841048.86028723,0.22,"ns"
"On.road.price","Sports Naked Bikes, Cafe Racer Bikes","Super Bikes, Sports Naked Bikes",1137173.52380952,-5404750.33203727,7679097.37965632,0.825,"ns"
"On.road.price","Sports Naked Bikes, Cafe Racer Bikes","Tourer Bikes",2202335.85714286,913490.93536344,3491180.77892227,0.002,"**"
"On.road.price","Sports Naked Bikes, Sports Bikes","Sports Tourer Bikes",2079788.14285714,NA,NA,NA,""
"On.road.price","Sports Naked Bikes, Sports Bikes","Super Bikes",3475173.94285714,-5038133.24019768,11988481.125912,0.567,"ns"
"On.road.price","Sports Naked Bikes, Sports Bikes","Super Bikes, Sports Bikes",2692098.25396825,478002.11903015,4906194.38890636,0.016,"*"
"On.road.price","Sports Naked Bikes, Sports Bikes","Super Bikes, Sports Naked Bikes",2196622.80952381,-4738739.07982409,9131984.69887171,0.39,"ns"
"On.road.price","Sports Naked Bikes, Sports Bikes","Tourer Bikes",3261785.14285714,1919053.11090771,4604517.17480658,0.000892,"***"
"On.road.price","Sports Tourer Bikes","Super Bikes",1395385.8,-6969803.10715696,9760574.70715696,0.997,"ns"
"On.road.price","Sports Tourer Bikes","Super Bikes, Sports Bikes",612310.111111111,-1845997.55650064,3070617.77872286,0.997,"ns"
"On.road.price","Sports Tourer Bikes","Super Bikes, Sports Naked Bikes",116834.666666667,-5637920.98562127,5871590.3189546,1,"ns"
"On.road.price","Sports Tourer Bikes","Tourer Bikes",1181997,-1215500.99970755,3579494.99970755,0.328,"ns"
"On.road.price","Super Bikes","Super Bikes, Sports Bikes",-783075.688888889,-8800734.93550751,7234583.55772973,1,"ns"
"On.road.price","Super Bikes","Super Bikes, Sports Naked Bikes",-1278551.13333333,-9328680.3172806,6771578.05061393,1,"ns"
"On.road.price","Super Bikes","Tourer Bikes",-213388.8,-8563147.94618282,8136370.34618283,1,"ns"
"On.road.price","Super Bikes, Sports Bikes","Super Bikes, Sports Naked Bikes",-495475.444444444,-4918535.73652625,3927584.84763736,1,"ns"
"On.road.price","Super Bikes, Sports Bikes","Tourer Bikes",569686.888888889,-1697829.00107391,2837202.77885169,0.999,"ns"
"On.road.price","Super Bikes, Sports Naked Bikes","Tourer Bikes",1065162.33333333,-4488451.74559859,6618776.41226526,0.894,"ns"
